rna_id,genotype_id,gender,age
EGAR00001193012,S00382,1,60 
EGAR00001193014,S00294,1,50 
EGAR00001193016,S007PQ,1,60 
EGAR00001193018,S003Q3,0,50 
EGAR00001193020,S001C2,1,65 
EGAR00001193022,S001KN,1,40 
EGAR00001193024,S003JH,0,65 
EGAR00001193026,S005N1,1,55 
EGAR00001193028,S0031G,1,65 
EGAR00001193030,S005VM,1,55 
EGAR00001193032,S007F9,0,65 
EGAR00001193034,S002MF,1,65 
EGAR00001193036,S002FT,1,60 
EGAR00001193038,S004M7,0,60 
EGAR00001193040,S000GZ,1,50 
EGAR00001193042,S007CF,0,60 
EGAR00001193044,S001GV,0,60 
EGAR00001193046,S004N5,1,55 
EGAR00001193048,S0064Z,1,50 
EGAR00001193050,S002WW,1,45 
EGAR00001193052,S003R1,0,45 
EGAR00001193054,S007DD,0,50 
EGAR00001193056,S001NH,1,55 
EGAR00001193058,S007VE,1,30 
EGAR00001193060,S00630,1,40 
EGAR00001193062,S002XU,1,45 
EGAR00001193064,S0032E,1,60 
EGAR00001193066,S005WK,1,65 
EGAR00001193068,S0012M,0,35 
EGAR00001193070,S003P5,1,45 
EGAR00001193072,S002EV,1,45 
EGAR00001193074,S001T5,1,50 
EGAR00001193076,S0041C,0,60 
EGAR00001193078,S007G7,1,60 
EGAR00001193080,S0026A,0,55 
EGAR00001193082,S0021K,1,35 
EGAR00001193084,S003AZ,1,65 
EGAR00001193086,S006XE,1,65 
EGAR00001193088,S0010Q,0,60 
EGAR00001193090,S000X1,0,50 
